dcterms:source,?,dcterms:datedcterms:title
https://triarte.brynmawr.edu/Objects-1/info/164388,2007.18.2,1901,Stereoscope,,,,,"Metal with incised decorations,wood, and glass on paper",,"Gift of J. Philip Gibbs, Jr.",,https://triarte.brynmawr.edu/Media/images/2007.18.2_BMC_f.jpg,https://triarte.brynmawr.edu/Media/Thumbnails/2007.18.2_BMC_f.jpg
https://triarte.brynmawr.edu/Objects-1/info/164369,2006.1.292,"Reprinted by the artist, 1993","André Kertész at His Camera, 1983",,Trudy Lee Cohen,6 in.,9 1/4 in.,Gelatin silver print,"black and white photograph of the photographer, Andre Kertesz in profile looking through camera on tripod, wearing checkered shirt; with bookshelves behind him.  The photo was taken in September, 1983.","The William and Uytendale Scott Memorial Study Collection of Works by Women Artists, gift of the artist",American,https://triarte.brynmawr.edu/Media/images/2006.1.292_BMC_f_3.jpg,https://triarte.brynmawr.edu/Media/Thumbnails/2006.1.292_BMC_f_3.jpg
https://triarte.brynmawr.edu/Objects-1/info/163858,2006.1.289,1986,Under the South Street Bridge,,Marie Carbo,18 in.,14 in.,Gelatin silver print,black and white silver gelatin print of river under South Street Bridge in Philadelphia; view through tree branches,"The William and Uytendale Scott Memorial Study Collection of Works by Women Artists, gift of the artist",American,https://triarte.brynmawr.edu/Media/images/2006.1.289_BMC_f_3.jpg,https://triarte.brynmawr.edu/Media/Thumbnails/2006.1.289_BMC_f_3.jpg
https://triarte.brynmawr.edu/Objects-1/info/160698,2001.4.23,1905,Italian Family in Ferry Boat Leaving Ellis Island ,,Lewis Wickes Hine,7 1/8 in.,9 1/2 in.,Gelatin silver print,Immigrant parents with two small children on boat.,Gift of C. Mackenzie Lewis,American,https://triarte.brynmawr.edu/Media/images/2001.4.23_BMC_f_2.jpg,https://triarte.brynmawr.edu/Media/Thumbnails/2001.4.23_BMC_f_2.jpg
https://triarte.brynmawr.edu/Objects-1/info/160697,2001.4.22,1910,One of the Hull House Neighbors,,Lewis Wickes Hine,9 5/8 in.,7 3/4 in.,Gelatin silver print (?),Half frontal portrait of old Serbian peasant woman with scarf on head.,Gift of C. Mackenzie Lewis,American,https://triarte.brynmawr.edu/Media/images/2001.4.22_BMC_f_4.jpg,https://triarte.brynmawr.edu/Media/Thumbnails/2001.4.22_BMC_f_4.jpg
https://triarte.brynmawr.edu/Objects-1/info/160665,2006.10.12,1871,Hydraulic Gold Mining in Montana,,William Henry Jackson,6 15/16 in.,9 1/16 in.,Albumen print,Gold Mining.,"Transferred from the Department of Geology, Bryn Mawr College",American,https://triarte.brynmawr.edu/Media/images/2006.10.12_GIS.919_BMC_f.jpg,https://triarte.brynmawr.edu/Media/Thumbnails/2006.10.12_GIS.919_BMC_f.jpg
https://triarte.brynmawr.edu/Objects-1/info/160631,2001.4.20,1935,"Sidewalk and Shopfront, New Orleans",,Walker Evans,9 5/8 in.,7 5/8 in.,Gelatin silver print,Barber shop in New Orleans with woman in doorway,Gift of C. Mackenzie Lewis,American,https://triarte.brynmawr.edu/Media/images/2001.4.20_BMC_f.jpg,https://triarte.brynmawr.edu/Media/Thumbnails/2001.4.20_BMC_f.jpg
https://triarte.brynmawr.edu/Objects-1/info/160630,2001.4.19,1930 - 1931,"Wagons, Wallabout Market, Brooklyn",,Walker Evans,4 7/8 in.,6 5/8 in.,Gelatin silver print,Rural scene with wagons and farm equipment,Gift of C. Mackenzie Lewis,American,https://triarte.brynmawr.edu/Media/images/2001.4.19_BMC_f.jpg,https://triarte.brynmawr.edu/Media/Thumbnails/2001.4.19_BMC_f.jpg
https://triarte.brynmawr.edu/Objects-1/info/160626,2001.4.15,1926,"Social Worker Visiting Slum Family, ARC/USA",,Lewis Wickes Hine,9 5/8 in.,7 5/8 in.,Gelatin silver print,Rural slum with woman and children,Gift of C. Mackenzie Lewis,American,https://triarte.brynmawr.edu/Media/images/2001.4.15_BMC_f_2.jpg,https://triarte.brynmawr.edu/Media/Thumbnails/2001.4.15_BMC_f_2.jpg
https://triarte.brynmawr.edu/Objects-1/info/160625,2001.4.14,1950,"Dead Tree, Sunset Crater National Monument, Arizona","Dead Tree, Sunset Crater National Monument, Arizona, from Portfolio Two: The National Parks and Monuments (1950)",Ansel Adams,9 9/16 in.,7 15/16 in.,Gelatin silver print,dead tree,"Gift of Margery Peterson Lee, Class of 1951",American,https://triarte.brynmawr.edu/Media/images/2001.4.14_BMC_f_2.jpg,https://triarte.brynmawr.edu/Media/Thumbnails/2001.4.14_BMC_f_2.jpg
https://triarte.brynmawr.edu/Objects-1/info/160623,2001.4.12,ca. 1924,Rue de Bretonvilliers,,Eugène Atget,8 3/4 in.,7 in.,Gelatin silver print,"Paris street scene near Seine, in rain with wagon.",Gift of C. Mackenzie Lewis,French,https://triarte.brynmawr.edu/Media/images/2001.4.12_BMC_f_2.jpg,https://triarte.brynmawr.edu/Media/Thumbnails/2001.4.12_BMC_f_2.jpg
https://triarte.brynmawr.edu/Objects-1/info/160622,2001.4.11,ca. 1898,Paveurs,,Eugène Atget,6 15/16 in.,9 5/16 in.,Gelatin silver print,Paris street pavers.,Gift of C. Mackenzie Lewis,French,https://triarte.brynmawr.edu/Media/images/2001.4.11_BMC_f_2.jpg,https://triarte.brynmawr.edu/Media/Thumbnails/2001.4.11_BMC_f_2.jpg
https://triarte.brynmawr.edu/Objects-1/info/160606,2006.10.75,ca. 1873,"Canyon de Chelly, Arizona",,William Henry Jackson,9 15/16 in.,13 in.,Albumen print,"Canyon de Chelly, Arizona.","Transferred from the Department of Geology, Bryn Mawr College",American,https://triarte.brynmawr.edu/Media/images/2006.10.75_GIS.982_BMC_f.jpg,https://triarte.brynmawr.edu/Media/Thumbnails/2006.10.75_GIS.982_BMC_f.jpg
https://triarte.brynmawr.edu/Objects-1/info/160602,2006.10.71,1872,Old Faithful in Eruption,,William Henry Jackson,13 3/16 in.,9 5/8 in.,Albumen print,Old Faithful.,"Transferred from the Department of Geology, Bryn Mawr College",American,https://triarte.brynmawr.edu/Media/images/2006.10.71_BMC_f_2.jpg,https://triarte.brynmawr.edu/Media/Thumbnails/2006.10.71_BMC_f_2.jpg
https://triarte.brynmawr.edu/Objects-1/info/174329,2009.25.1,1940 - 1945,"Etruscan Bronze Cauldron with Horseman Legs, bottom view",,André Kertész,7 3/4 in.,8 9/16 in.,Gelatin silver print,,"Gift of Helena Simkhovitch, Class of 1924",American,https://triarte.brynmawr.edu/Media/images/2009.25.1_BMC_f_2.jpg,https://triarte.brynmawr.edu/Media/Thumbnails/2009.25.1_BMC_f_2.jpg
https://triarte.brynmawr.edu/Objects-1/info/180011,2011.4.30,ca. 1875,"View of the Line of Erie Railway, Lower Fall of Genesee, Portage","View of the Line of Erie Railway; 796.--Lower Fall of Genesee, Portage--(from under bank.)",L.E. Walker [Publisher],3 7/16 in.,6 7/8 in.,Stereograph (albumen print),,,American,https://triarte.brynmawr.edu/Media/images/2011.4.30_BMC_f.jpg,https://triarte.brynmawr.edu/Media/Thumbnails/2011.4.30_BMC_f.jpg
https://triarte.brynmawr.edu/Objects-1/info/172565,PA.1982.1.13,1937,New York (Staten Island Ferry),,Lotte Jacobi,5 13/16 in.,7 3/8 in.,Gelatin silver print,,Gift of Seymour Adelman,German-American,https://triarte.brynmawr.edu/Media/images/PA.1982.1.13_BMC_f_2.jpg,https://triarte.brynmawr.edu/Media/Thumbnails/PA.1982.1.13_BMC_f_2.jpg
https://triarte.brynmawr.edu/Objects-1/info/172580,PA.1983.2.3,1938,Alfred Stieglitz,,Lotte Jacobi,6 7/8 in.,4 15/16 in.,Gelatin silver print,,Gift of Seymour Adelman,German-American,https://triarte.brynmawr.edu/Media/images/PA.1983.2.3_BMC_f_2.jpg,https://triarte.brynmawr.edu/Media/Thumbnails/PA.1983.2.3_BMC_f_2.jpg
https://triarte.brynmawr.edu/Objects-1/info/172590,PA.1983.3.4,ca. 1932,Prostitutes (Hamburg),,Lotte Jacobi,7 1/2 in.,10 in.,Gelatin silver print,,Gift of Seymour Adelman,German-American,https://triarte.brynmawr.edu/Media/images/PA.1983.3.4_BMC_f_2.jpg,https://triarte.brynmawr.edu/Media/Thumbnails/PA.1983.3.4_BMC_f_2.jpg
https://triarte.brynmawr.edu/Objects-1/info/172961,2009.15.15,1897,13. Kelmscott Manor: Bed Morris Was Born In,,Frederick Henry Evans,7 5/16 in.,5 7/8 in.,Platinum print,"Kelmscott Manor is the 16th - 17th century Oxfordshire country home of William Morris (1834-1896), the British artist most often associated with the English Arts and Crafts movement. William Morris Gallery caption: & quot;Jane Morris & #39; bedroom (belonging to the wife of William Morris) is directly above the Green Room.  The early 19th century four-poster bed is the one in which William Morris was born, at Elm House, Walthamstow, on 24th March 1834.  Its hangings are in the &quot;Small Stem&quot; printed wool and cotton fabric, a pattern of the 1830s revived by Morris, Marshall, Faulkner &amp; Company and produced from the late 1860s onwards.&quot;","Gift of Mary Peirce, Class of 1912",British,https://triarte.brynmawr.edu/Media/images/2009.15.15_BMC_f_2.jpg,https://triarte.brynmawr.edu/Media/Thumbnails/2009.15.15_BMC_f_2.jpg
https://triarte.brynmawr.edu/Objects-1/info/173542,2009.20.49,1881,Old Houses in Bermondsey Street,,Henry Dixon,7 1/16 in.,9 in.,Carbon print,"Photograph of old houses in Bermondsey Street, Southwark. Elizabethan and later.","Bequest of M. Carey Thomas, President of Bryn Mawr College, 1894-1922",British,https://triarte.brynmawr.edu/Media/images/2009.20.49_BMC_f_3.jpg,https://triarte.brynmawr.edu/Media/Thumbnails/2009.20.49_BMC_f_3.jpg
https://triarte.brynmawr.edu/Objects-1/info/173572,2009.20.79,1886,"St. John&# 39;s Gate, Clerkenwell ",,Henry Dixon,9 1/16 in.,7 in.,Carbon print,"Photograph of St. John&#39;s gate, Clerkenwall.","Bequest of M. Carey Thomas, President of Bryn Mawr College, 1894-1922",British,https://triarte.brynmawr.edu/Media/images/2009.20.79_BMC_f_3.jpg,https://triarte.brynmawr.edu/Media/Thumbnails/2009.20.79_BMC_f_3.jpg
https://triarte.brynmawr.edu/Objects-1/info/173635,2009.22.21,(February) 1990,South Philadelphia,South Philadelphia [African American boy doing  a handstand on mattresses on the street],Hilary Newman,6 7/8 in.,10 5/8 in.,Gelatin silver print,,"Gift of the artist, made possible by a grant from the Nadia Anne Mirel Memorial Fund, Bryn Mawr College",American,https://triarte.brynmawr.edu/Media/images/2009.22.21_BMC_f_2.jpg,https://triarte.brynmawr.edu/Media/Thumbnails/2009.22.21_BMC_f_2.jpg
https://triarte.brynmawr.edu/Objects-1/info/173637,2009.22.23,[winter] 1990,South Philadelphia,South Philadelphia [African American child with &quot;Cold Cuts&quot; sign],Hilary Newman,10 3/4 in.,7 5/16 in.,Gelatin silver print,,"Gift of the artist, made possible by a grant from the Nadia Anne Mirel Memorial Fund, Bryn Mawr College",American,https://triarte.brynmawr.edu/Media/images/2009.22.23_BMC_f_2.jpg,https://triarte.brynmawr.edu/Media/Thumbnails/2009.22.23_BMC_f_2.jpg
https://triarte.brynmawr.edu/Objects-1/info/173781,2009.23.77,1919 - 1920,"Ox-Carts, Avila",,Edith H. Lowber,5 7/16 in.,9 9/16 in.,Gelatin silver print,"Oxen moving carts through a portal, Avila, Spain","Bequest of M. Carey Thomas, President of Bryn Mawr College, 1894-1922",American,https://triarte.brynmawr.edu/Media/images/2009.23.77_BMC_f_2.jpg,https://triarte.brynmawr.edu/Media/Thumbnails/2009.23.77_BMC_f_2.jpg
https://triarte.brynmawr.edu/Objects-1/info/173991,2009.26.1,1974,Untitled,,Mark Feldstein,10 3/4 in.,10 3/4 in.,Chromogenic print,,Gift of Paul and Mimi Ingersoll,American,https://triarte.brynmawr.edu/Media/images/2009.26.1_BMC_f_2.jpg,https://triarte.brynmawr.edu/Media/Thumbnails/2009.26.1_BMC_f_2.jpg
https://triarte.brynmawr.edu/Objects-1/info/173994,2009.26.4,1963 - 1965,"Untitled, from the series Locomotive",,Heinrich Riebesehl,12 in.,11 13/16 in.,Gelatin silver print,,Gift of Paul and Mimi Ingersoll,German,https://triarte.brynmawr.edu/Media/images/2009.26.4_BMC_f_2.jpg,https://triarte.brynmawr.edu/Media/Thumbnails/2009.26.4_BMC_f_2.jpg
https://triarte.brynmawr.edu/Objects-1/info/173995,2009.26.5,ca. 1935,"Ice Cream Cone Sign, Bowling Green, Virginia",,Peter Sekaer,5 1/2 in.,6 3/4 in.,Gelatin silver print,,Gift of Paul and Mimi Ingersoll,Danish-American,https://triarte.brynmawr.edu/Media/images/2009.26.5_BMC_f_2.jpg,https://triarte.brynmawr.edu/Media/Thumbnails/2009.26.5_BMC_f_2.jpg
https://triarte.brynmawr.edu/Objects-1/info/173997,2009.26.7,1936,Nude,,Edward Weston,9 1/2 in.,7 5/8 in.,Gelatin silver print,"Printed by Cole Weston (American, 1919-2003), mid-20th century",Gift of Paul and Mimi Ingersoll,American,https://triarte.brynmawr.edu/Media/images/2009.26.7_BMC_f_2.jpg,https://triarte.brynmawr.edu/Media/Thumbnails/2009.26.7_BMC_f_2.jpg
https://triarte.brynmawr.edu/Objects-1/info/174006,2009.26.16,1921,Depositing a Prayer Stick,"Depositing a Prayer Stick, from the portfolio The North American Indian (1907-30)",Edward S. Curtis,9 7/8 in.,13 3/8 in.,Photogravure,,Gift of Paul and Mimi Ingersoll,American,https://triarte.brynmawr.edu/Media/images/2009.26.16_BMC_f_2.jpg,https://triarte.brynmawr.edu/Media/Thumbnails/2009.26.16_BMC_f_2.jpg
https://triarte.brynmawr.edu/Objects-1/info/174007,2009.26.17,1925,Replastering a Paguate House,"Replastering a Paguate House, from the portfolio The North American Indian (1907-30)",Edward S. Curtis,13 1/4 in.,9 7/8 in.,Photogravure,,Gift of Paul and Mimi Ingersoll,American,https://triarte.brynmawr.edu/Media/images/2009.26.17_BMC_f_2.jpg,https://triarte.brynmawr.edu/Media/Thumbnails/2009.26.17_BMC_f_2.jpg
https://triarte.brynmawr.edu/Objects-1/info/174217,2009.27.10,1940-1946,Dancer,,Gerda Peterich,4 3/8 in.,3 1/2 in.,Gelatin silver print,,"Gift of the Currier Gallery of Art, from the Estate of Gerda Peterich",American,https://triarte.brynmawr.edu/Media/images/2009.27.10_BMC_f_2.jpg,https://triarte.brynmawr.edu/Media/Thumbnails/2009.27.10_BMC_f_2.jpg
https://triarte.brynmawr.edu/Objects-1/info/174218,2009.27.11,1940-1946,Dancer,,Gerda Peterich,4 3/8 in.,3 1/2 in.,Gelatin silver print,,"Gift of the Currier Gallery of Art, from the Estate of Gerda Peterich",American,https://triarte.brynmawr.edu/Media/images/2009.27.11_BMC_f_2.jpg,https://triarte.brynmawr.edu/Media/Thumbnails/2009.27.11_BMC_f_2.jpg
https://triarte.brynmawr.edu/Objects-1/info/174219,2009.27.12,1940-1946,Dancer,,Gerda Peterich,4 3/8 in.,3 1/2 in.,Gelatin silver print,,"Gift of the Currier Gallery of Art, from the Estate of Gerda Peterich",American,https://triarte.brynmawr.edu/Media/images/2009.27.12_BMC_f_2.jpg,https://triarte.brynmawr.edu/Media/Thumbnails/2009.27.12_BMC_f_2.jpg
https://triarte.brynmawr.edu/Objects-1/info/174220,2009.27.13,1940-1946,Dancer,,Gerda Peterich,4 3/8 in.,3 1/2 in.,Gelatin silver print,,"Gift of the Currier Gallery of Art, from the Estate of Gerda Peterich",American,https://triarte.brynmawr.edu/Media/images/2009.27.13_BMC_f_2.jpg,https://triarte.brynmawr.edu/Media/Thumbnails/2009.27.13_BMC_f_2.jpg
https://triarte.brynmawr.edu/Objects-1/info/174221,2009.27.14,1940-1946,Dancer,,Gerda Peterich,4 3/8 in.,3 1/2 in.,Gelatin silver print,,"Gift of the Currier Gallery of Art, from the Estate of Gerda Peterich",American,https://triarte.brynmawr.edu/Media/images/2009.27.14_BMC_f_2.jpg,https://triarte.brynmawr.edu/Media/Thumbnails/2009.27.14_BMC_f_2.jpg
https://triarte.brynmawr.edu/Objects-1/info/174222,2009.27.15,1940-1946,Dancer,,Gerda Peterich,4 3/8 in.,3 1/2 in.,Gelatin silver print,,"Gift of the Currier Gallery of Art, from the Estate of Gerda Peterich",American,https://triarte.brynmawr.edu/Media/images/2009.27.15_BMC_f_2.jpg,https://triarte.brynmawr.edu/Media/Thumbnails/2009.27.15_BMC_f_2.jpg
https://triarte.brynmawr.edu/Objects-1/info/174223,2009.27.20,1940-1946,Dancer,,Gerda Peterich,4 3/8 in.,3 1/2 in.,Gelatin silver print,,"Gift of the Currier Gallery of Art, from the Estate of Gerda Peterich",American,https://triarte.brynmawr.edu/Media/images/2009.27.20_BMC_f_2.jpg,https://triarte.brynmawr.edu/Media/Thumbnails/2009.27.20_BMC_f_2.jpg
https://triarte.brynmawr.edu/Objects-1/info/174224,2009.27.21,1940-1946,Dancer,,Gerda Peterich,4 3/8 in.,3 1/2 in.,Gelatin silver print,,"Gift of the Currier Gallery of Art, from the Estate of Gerda Peterich",American,https://triarte.brynmawr.edu/Media/images/2009.27.21_BMC_f_2.jpg,https://triarte.brynmawr.edu/Media/Thumbnails/2009.27.21_BMC_f_2.jpg
https://triarte.brynmawr.edu/Objects-1/info/174225,2009.27.22,1940-1946,Dancer,,Gerda Peterich,4 3/8 in.,3 1/2 in.,Gelatin silver print,,"Gift of the Currier Gallery of Art, from the Estate of Gerda Peterich",American,https://triarte.brynmawr.edu/Media/images/2009.27.22_BMC_f_2.jpg,https://triarte.brynmawr.edu/Media/Thumbnails/2009.27.22_BMC_f_2.jpg
https://triarte.brynmawr.edu/Objects-1/info/174227,2009.27.2,ca. 1938-1953,"Studies of Hands, Barbara Mettler Dance Group",,Gerda Peterich,9 3/4 in.,8 in.,Gelatin silver print,,"Gift of the Currier Gallery of Art, from the Estate of Gerda Peterich",American,https://triarte.brynmawr.edu/Media/images/2009.27.2_BMC_f_2.jpg,https://triarte.brynmawr.edu/Media/Thumbnails/2009.27.2_BMC_f_2.jpg
https://triarte.brynmawr.edu/Objects-1/info/174238,2009.27.19,1940-1946,Dancer,,Gerda Peterich,4 3/8 in.,3 1/2 in.,Gelatin silver print,,"Gift of the Currier Gallery of Art, from the Estate of Gerda Peterich",American,https://triarte.brynmawr.edu/Media/images/2009.27.19_BMC_f_2.jpg,https://triarte.brynmawr.edu/Media/Thumbnails/2009.27.19_BMC_f_2.jpg
https://triarte.brynmawr.edu/Objects-1/info/174249,2009.27.33,ca. 1940,Gloria Garcia,,Gerda Peterich,7 1/4 in.,7 1/4 in.,Gelatin silver print,,"Gift of the Currier Gallery of Art, from the Estate of Gerda Peterich",American,https://triarte.brynmawr.edu/Media/images/2009.27.33_BMC_f_2.jpg,https://triarte.brynmawr.edu/Media/Thumbnails/2009.27.33_BMC_f_2.jpg
https://triarte.brynmawr.edu/Objects-1/info/174251,2009.27.35,1935 - 1965,Study of Beach Grasses,,Gerda Peterich,9 in.,9 in.,Gelatin silver print,,"Gift of the Currier Gallery of Art, from the Estate of Gerda Peterich",American,https://triarte.brynmawr.edu/Media/images/2009.27.35_BMC_f_2.jpg,https://triarte.brynmawr.edu/Media/Thumbnails/2009.27.35_BMC_f_2.jpg
https://triarte.brynmawr.edu/Objects-1/info/174258,2009.27.42,1950-1974,"Rippey Cobblestone Farmhouse Window, Ontario County",,Gerda Peterich,10 5/8 in.,10 1/2 in.,Gelatin silver print,,"Gift of the Currier Gallery of Art, from the Estate of Gerda Peterich",American,https://triarte.brynmawr.edu/Media/images/2009.27.42_BMC_f_2.jpg,https://triarte.brynmawr.edu/Media/Thumbnails/2009.27.42_BMC_f_2.jpg
https://triarte.brynmawr.edu/Objects-1/info/174333,2009.25.5,1940 - 1945,Etruscan Bronze Cauldron with Horseman Legs,,André Kertész,7 3/4 in.,9 9/16 in.,Gelatin silver print,,"Gift of Helena Simkhovitch, Class of 1924",American,https://triarte.brynmawr.edu/Media/images/2009.25.5_BMC_f_2.jpg,https://triarte.brynmawr.edu/Media/Thumbnails/2009.25.5_BMC_f_2.jpg
https://triarte.brynmawr.edu/Objects-1/info/174334,2009.25.6,1940 - 1945,"Etruscan Bronze Cauldron with Horseman Legs, detail view",Etruscan Bronze Cauldron with Horseman Legs,André Kertész,9 5/8 in.,7 3/4 in.,Gelatin silver print,,"Gift of Helena Simkhovitch, Class of 1924",American,https://triarte.brynmawr.edu/Media/images/2009.25.6_BMC_f_2.jpg,https://triarte.brynmawr.edu/Media/Thumbnails/2009.25.6_BMC_f_2.jpg
https://triarte.brynmawr.edu/Objects-1/info/174363,2009.25.35,1940 - 1945,"Aphrodite, Marble Torso",,André Kertész,9 9/16 in.,6 11/16 in.,Gelatin silver print,,"Gift of Helena Simkhovitch, Class of 1924",American,https://triarte.brynmawr.edu/Media/images/2009.25.35_BMC_f_2.jpg,https://triarte.brynmawr.edu/Media/Thumbnails/2009.25.35_BMC_f_2.jpg
https://triarte.brynmawr.edu/Objects-1/info/174796,2010.11.2,1915,"Wall Street, New York",,Paul Strand,9 7/8 in.,12 3/4 in.,Platinum palladium print,"Printed by Richard Benson (American, born 1943), 1984",Gift of Michael E. Hoffman,American,https://triarte.brynmawr.edu/Media/images/2010.11.2_BMC_f_2.jpg,https://triarte.brynmawr.edu/Media/Thumbnails/2010.11.2_BMC_f_2.jpg
https://triarte.brynmawr.edu/Objects-1/info/174794,2010.11.4,1929,"Alfred Stieglitz, Lake George, New York",,Paul Strand,6 5/8 in.,7 3/8 in.,Gelatin silver print,"Printed by Richard Benson (American, born 1943), 1984",Gift of Michael E. Hoffman,American,https://triarte.brynmawr.edu/Media/images/2010.11.4_BMC_f_2.jpg,https://triarte.brynmawr.edu/Media/Thumbnails/2010.11.4_BMC_f_2.jpg
https://triarte.brynmawr.edu/Objects-1/info/174792,2010.8.2,1908 - 1911,"Balzac, the Silhouette—4 A.M. ","Balzac, the Silhouette—4 A.M., 1908, published in Camera Work (1911)",Edward Jean Steichen,6 5/16 in.,8 1/16 in.,Photogravure,,Gift of Mr. Harvey Shipley Miller in honor of Seymour Adelman,American,https://triarte.brynmawr.edu/Media/images/2010.8.2_BMC_f_2.jpg,https://triarte.brynmawr.edu/Media/Thumbnails/2010.8.2_BMC_f_2.jpg
https://triarte.brynmawr.edu/Objects-1/info/174791,2010.8.3,1911,"Balzac, the Open Sky—11 P.M.","Balzac, the Open Sky—11 P.M., 1908, published in Camera Work (1911)",Edward Jean Steichen,6 1/8 in.,8 in.,Photogravure,,Gift of Mr. Harvey Shipley Miller in honor of Seymour Adelman,American,https://triarte.brynmawr.edu/Media/images/2010.8.3_BMC_f_2.jpg,https://triarte.brynmawr.edu/Media/Thumbnails/2010.8.3_BMC_f_2.jpg
https://triarte.brynmawr.edu/Objects-1/info/174790,2010.8.1,1911,"Balzac, towards the Light—Midnight","Balzac, towards the Light—Midnight, 1908, published in Camera Work (1911)",Edward Jean Steichen,7 15/16 in.,6 3/16 in.,Photogravure,,Gift of Mr. Harvey Shipley Miller in honor of Seymour Adelman,American,https://triarte.brynmawr.edu/Media/images/2010.8.1_BMC_f_2.jpg,https://triarte.brynmawr.edu/Media/Thumbnails/2010.8.1_BMC_f_2.jpg
https://triarte.brynmawr.edu/Objects-1/info/174786,2010.9.1,1995,"Boulders and Ruins Big Black River Bridge, Mississippi, 1995","Boulders and Ruins Big Black River Bridge, Mississippi, 1995, from the series The Vicksburg Campaign: Photographs of the Civil War Battlefields",William Earle Williams,7 3/4 in.,9 3/4 in.,Gelatin silver print,From the series The Vicksburg Campaign: Photographs of the Civil War Battlefields,"Gift of the artist in memory of Samuel R. Campbell, Mechanical Systems Specialist, Science Facility, Bryn Mawr College",American,https://triarte.brynmawr.edu/Media/images/2010.9.1_BMC_f_2.jpg,https://triarte.brynmawr.edu/Media/Thumbnails/2010.9.1_BMC_f_2.jpg
https://triarte.brynmawr.edu/Objects-1/info/174783,2010.12.3,1979,La Baie,"La Baie, from the series La Baie",Laurence Salzmann,12 9/16 in.,18 1/2 in.,Selenium-toned gelatin silver print,,Gift of Laurence Salzmann,American,https://triarte.brynmawr.edu/Media/images/2010.12.3_BMC_f_2.jpg,https://triarte.brynmawr.edu/Media/Thumbnails/2010.12.3_BMC_f_2.jpg
https://triarte.brynmawr.edu/Objects-1/info/174577,PA.1983.2.1,1946,Photogenic,,Lotte Jacobi,12 1/2 in.,11 in.,Gelatin silver print,,Gift of Seymour Adelman,German-American,https://triarte.brynmawr.edu/Media/images/PA.1983.2.1_BMC_f_2-.jpg,https://triarte.brynmawr.edu/Media/Thumbnails/PA.1983.2.1_BMC_f_2-.jpg
https://triarte.brynmawr.edu/Objects-1/info/174815,2010.4.1,1904,Canyon de Chelly–Navajo,"Canyon de Chelly--Navajo, from the portfolio The North American Indian (1907-30)",Edward S. Curtis,10 1/4 in.,12 3/16 in.,Photogravure,,,American,https://triarte.brynmawr.edu/Media/images/2010.4.1_BMC_f_4.jpg,https://triarte.brynmawr.edu/Media/Thumbnails/2010.4.1_BMC_f_4.jpg
https://triarte.brynmawr.edu/Objects-1/info/175204,2010.19.263,1927,"Two Men at Doorway, Browns Mills, New Jersey",,A. Crawford G. Allison,7 13/16 in.,9 3/4 in.,Gelatin silver bromide print,,Gift of John and Marjorie Silver,American,https://triarte.brynmawr.edu/Media/images/2010.19.263_BMC_f_3.jpg,https://triarte.brynmawr.edu/Media/Thumbnails/2010.19.263_BMC_f_3.jpg
https://triarte.brynmawr.edu/Objects-1/info/175760,2010.24.40,1867 - 1870,"Ezekias/Manasses/Amon Lunette (Michelangelo), Sistine Chapel, Vatican Museums, R",,Adolphe Braun &amp; Co.,18 1/2 in.,14 9/16 in.,Carbon print,,"Bequest of M. Carey Thomas, President of Bryn Mawr College, 1894-1922",French,https://triarte.brynmawr.edu/Media/images/2010.24.40_BMC_f.jpg,https://triarte.brynmawr.edu/Media/Thumbnails/2010.24.40_BMC_f.jpg
https://triarte.brynmawr.edu/Objects-1/info/175842,2010.24.122,1869,"Belvedere Torso, Vatican Museums, Rome",,Adolphe Braun &amp; Co.,18 5/8 in.,14 5/16 in.,Carbon print,,"Bequest of M. Carey Thomas, President of Bryn Mawr College, 1894-1922",French,https://triarte.brynmawr.edu/Media/images/2010.24.122_BMC_f.jpg,https://triarte.brynmawr.edu/Media/Thumbnails/2010.24.122_BMC_f.jpg
https://triarte.brynmawr.edu/Objects-1/info/175843,2010.24.123,1869,"Belvedere Torso, Vatican Museums, Rome, back view",,Adolphe Braun &amp; Co.,18 7/16 in.,14 3/16 in.,Carbon print,,"Bequest of M. Carey Thomas, President of Bryn Mawr College, 1894-1922",French,https://triarte.brynmawr.edu/Media/images/2010.24.123_BMC_f.jpg,https://triarte.brynmawr.edu/Media/Thumbnails/2010.24.123_BMC_f.jpg
https://triarte.brynmawr.edu/Objects-1/info/177309,2010.30.148,after 1877,York Railway Station,,Francis Frith &amp; Co.,6 5/16 in.,10 5/16 in.,Albumen print,,,British,https://triarte.brynmawr.edu/Media/images/2010.30.148_BMC_f_2.jpg,https://triarte.brynmawr.edu/Media/Thumbnails/2010.30.148_BMC_f_2.jpg
https://triarte.brynmawr.edu/Objects-1/info/177309,2010.30.148,after 1877,York Railway Station,,Francis Frith &amp; Co.,6 5/16 in.,10 5/16 in.,Albumen print,,,British,https://triarte.brynmawr.edu/Media/images/2010.30.148_BMC_f.jpg,https://triarte.brynmawr.edu/Media/Thumbnails/2010.30.148_BMC_f.jpg
https://triarte.brynmawr.edu/Objects-1/info/177175,2010.30.17,ca. 1885,"High Street, Clovelly",,Francis Bedford,8 3/16 in.,5 1/4 in.,Albumen print,Attributed to Francis Bedford,,British,https://triarte.brynmawr.edu/Media/images/2010.30.17_BMC_f_2.jpg,https://triarte.brynmawr.edu/Media/Thumbnails/2010.30.17_BMC_f_2.jpg
https://triarte.brynmawr.edu/Objects-1/info/177175,2010.30.17,ca. 1885,"High Street, Clovelly",,Francis Bedford,8 3/16 in.,5 1/4 in.,Albumen print,Attributed to Francis Bedford,,British,https://triarte.brynmawr.edu/Media/images/2010.30.17_BMC_f.jpg,https://triarte.brynmawr.edu/Media/Thumbnails/2010.30.17_BMC_f.jpg
https://triarte.brynmawr.edu/Objects-1/info/177720,2010.35.2,2004,"Philadelphia, PA (Melissa&#39;s Handstand)",,Zoe Strauss,10 3/16 in.,15 3/8 in.,Color inkjet print,Woman doing handstand in front of a wall,Gift of Robert and Marianne Weldon,,https://triarte.brynmawr.edu/Media/images/2010.35.2_BMC_f_6.jpg,https://triarte.brynmawr.edu/Media/Thumbnails/2010.35.2_BMC_f_6.jpg
https://triarte.brynmawr.edu/Objects-1/info/177721,2010.35.1,2009,"Pottsville, PA (Half House Pink)",,Zoe Strauss,15 3/8 in.,10 1/4 in.,Color inkjet print,House with half pink siding and half white siding ,Gift of Robert and Marianne Weldon,,https://triarte.brynmawr.edu/Media/images/2010.35.1_BMC_f_6.jpg,https://triarte.brynmawr.edu/Media/Thumbnails/2010.35.1_BMC_f_6.jpg
https://triarte.brynmawr.edu/Objects-1/info/177722,2010.34.1,2003,"Philadelphia, PA (Save)",,Zoe Strauss,15 3/8 in.,10 3/16 in.,Color inkjet print,Man walking before a storefront with sign reading &quot;SAVE&quot;,Gift of Emily Croll,,https://triarte.brynmawr.edu/Media/images/2010.34.1_BMC_f_6.jpg,https://triarte.brynmawr.edu/Media/Thumbnails/2010.34.1_BMC_f_6.jpg
https://triarte.brynmawr.edu/Objects-1/info/177886,2010.30.426,1890-1899,Eski Hamam,,Sébah &amp; Joaillier,7 3/4 in.,10 9/16 in.,Gelatin silver print,,"Bequest of M. Carey Thomas, President of Bryn Mawr College, 1894-1922",Turkish-French,https://triarte.brynmawr.edu/Media/images/2010.30.426_BMC_f_2.jpg,https://triarte.brynmawr.edu/Media/Thumbnails/2010.30.426_BMC_f_2.jpg
https://triarte.brynmawr.edu/Objects-1/info/177886,2010.30.426,1890-1899,Eski Hamam,,Sébah &amp; Joaillier,7 3/4 in.,10 9/16 in.,Gelatin silver print,,"Bequest of M. Carey Thomas, President of Bryn Mawr College, 1894-1922",Turkish-French,https://triarte.brynmawr.edu/Media/images/2010.30.426_BMC_f.jpg,https://triarte.brynmawr.edu/Media/Thumbnails/2010.30.426_BMC_f.jpg
https://triarte.brynmawr.edu/Objects-1/info/178245,2011.6.1,ca. 1856,Thomas Eakins with his Sister Fanny,Thomas Eakins at about Twelve with Sister Fanny,Oliver H. Willard,7 1/2 in.,5 1/2 in.,Albumen or salt print,"Thomas Eakins in a suit with lace collar stands holding a bow and arrow, Fanny is seated; oval print,heavily retouched in the details of the eyes, mouths, etc. and hand-colored in the flesh tones on Fanny&#39;s red dress; unpublished.",Gift of Seymour Adelman,American,https://triarte.brynmawr.edu/Media/images/2011.6.1_BMC_f_2.jpg,https://triarte.brynmawr.edu/Media/Thumbnails/2011.6.1_BMC_f_2.jpg
https://triarte.brynmawr.edu/Objects-1/info/178246,2011.6.2.1,ca. 1868,Thomas Eakins,Thomas Eakins at about Twenty-Four,Frederick Gutekunst,2 13/16 in.,3 1/2 in.,Ambrotype glass positive (two plates of glass with taped edges),The full &quot;cardigan sweater&quot; image; see H 243; PAFA has four plass positives and several cartes-de-visite of the same image. Mylar label says &quot;photographer unknown&quot; ,Gift of Seymour Adelman,American,https://triarte.brynmawr.edu/Media/images/2011.6.2.1_BMC_f_2.jpg,https://triarte.brynmawr.edu/Media/Thumbnails/2011.6.2.1_BMC_f_2.jpg
https://triarte.brynmawr.edu/Objects-1/info/178260,2011.6.16,1890-1909,Thomas Eakins Mounting a Bicycle,,Samuel Murray,2 15/16 in.,2 5/8 in.,Platinum print,"Thomas Eakins in peaked cap and knickers; published in the PMA&#39;s catalogue for the 2001 Eakins retrospective, page 330; catalogue gives artist as &quot;Circle of Thomas Eakins&quot;",Gift of Seymour Adelman,American,https://triarte.brynmawr.edu/Media/images/2011.6.16_BMC_f_2.jpg,https://triarte.brynmawr.edu/Media/Thumbnails/2011.6.16_BMC_f_2.jpg
https://triarte.brynmawr.edu/Objects-1/info/178266,2011.6.22,ca. 1909,Thomas Eakins in the Mount Vernon Street Studio,Thomas Eakins Looking Out the Window of the Mt. Vernon Street Studio,Unknown Artist,4 11/16 in.,7 7/8 in.,Gelatin print,"This is very likely the original print from which Charles Bregler made the copy now in the MMA (see H 287); from studio at 1729 Mt. Vernon Street; published in the PMA&#39;s catalogue for the 2001 Eakin&#39;s retrospective, page 349; date and title from PMA catalogue",Gift of Seymour Adelman,American,https://triarte.brynmawr.edu/Media/images/2011.6.22_BMC_f_2.jpg,https://triarte.brynmawr.edu/Media/Thumbnails/2011.6.22_BMC_f_2.jpg
https://triarte.brynmawr.edu/Objects-1/info/178271,2011.6.27,ca. 1880,Self-Portrait,,Susan Macdowell Eakins,3 5/16 in.,2 13/16 in.,Cyanotype,"H 76; on verso &quot;Mrs. Eakins taken by herself ca. 1878-80;&quot; published in the PMA&#39;s catalogue for the 2001 Eakins retrospective, page 155; catalogue gives artist as &quot;Circle of Thomas Eakins&quot;",Gift of Seymour Adelman,American,https://triarte.brynmawr.edu/Media/images/2011.6.27_BMC_f.jpg,https://triarte.brynmawr.edu/Media/Thumbnails/2011.6.27_BMC_f.jpg
https://triarte.brynmawr.edu/Objects-1/info/178410,2010.30.585,1858 - 1875,"Foscari, Giustinian, and Rezzonico Palaces on the Grand Canal",,Carlo Ponti,10 3/16 in.,14 in.,Albumen print,,,Italian,https://triarte.brynmawr.edu/Media/images/2010.30.585_BMC_f_2.jpg,https://triarte.brynmawr.edu/Media/Thumbnails/2010.30.585_BMC_f_2.jpg
https://triarte.brynmawr.edu/Objects-1/info/178410,2010.30.585,1858 - 1875,"Foscari, Giustinian, and Rezzonico Palaces on the Grand Canal",,Carlo Ponti,10 3/16 in.,14 in.,Albumen print,,,Italian,https://triarte.brynmawr.edu/Media/images/2010.30.585_BMC_f.jpg,https://triarte.brynmawr.edu/Media/Thumbnails/2010.30.585_BMC_f.jpg
https://triarte.brynmawr.edu/Objects-1/info/178536,2010.30.625,1870-1879,Fellahin Carrying Water,,Pascal Sébah,,,Albumen print,,M. Carey Thomas Collection,Turkish,https://triarte.brynmawr.edu/Media/images/2010.30.625_BMC_f_2.jpg,https://triarte.brynmawr.edu/Media/Thumbnails/2010.30.625_BMC_f_2.jpg
https://triarte.brynmawr.edu/Objects-1/info/178536,2010.30.625,1870-1879,Fellahin Carrying Water,,Pascal Sébah,,,Albumen print,,M. Carey Thomas Collection,Turkish,https://triarte.brynmawr.edu/Media/images/2010.30.625_BMC_f.jpg,https://triarte.brynmawr.edu/Media/Thumbnails/2010.30.625_BMC_f.jpg
https://triarte.brynmawr.edu/Objects-1/info/179185,2011.6.128,ca. 1884,Female Nude Kneeling on a Table,,Thomas Eakins,3 11/16 in.,3 1/16 in.,Albumen print,"A gelatin silver print of the same photograph in the Charles Bregler Collection at PAFA (1985.68.500), was published in Kathy Foster&#39;s 1997 book, &quot;Thomas Eakins Rediscovered.&quot; See page 118. Sarah Mitchell 4.22 .2011 ",Gift of Seymour Adelman,,https://triarte.brynmawr.edu/Media/images/2011.6.128_BMC_f_2.jpg,https://triarte.brynmawr.edu/Media/Thumbnails/2011.6.128_BMC_f_2.jpg
https://triarte.brynmawr.edu/Objects-1/info/179186,2011.14.1,1996,Child Abuse II,,Andres Serrano,20 in.,24 in.,Cibachrome ™,"Published as a limited edition by the Insititue of Contempoary Art, Philadelphia, 1996. Ed. 48/100. Signed on verso, titled and numbered.","Gift of Margery Peterson Lee, Class of 1951",American,https://triarte.brynmawr.edu/Media/images/2011.14.1_BMC_f_5.jpg,https://triarte.brynmawr.edu/Media/Thumbnails/2011.14.1_BMC_f_5.jpg
https://triarte.brynmawr.edu/Objects-1/info/180048,2011.26.1.a,1907,"Travel Album, European Monuments, II, Ravenna (Italy) and Marseilles (France)",,W. J. Long,5 5/8 in.,8 3/16 in.,"Paper album, with gelatin silver prints inside","This is the 2nd of 20 travel albums by W.J. Long made between 1907-1930 recording his travels to Europe and its monuments. W.J. Long was the uncle of Delphine Fitz Darby (A.B. 1923; M.A. 1925; Ph.D. 1929), who donated the whole of these albums as well as several others made by her uncle on various other world travels. ","Gift of Delphine Fitz Darby, Class of 1923, MA 1925, PhD 1929",American,https://triarte.brynmawr.edu/Media/images/2011.26.1.a_BMC_f.jpg,https://triarte.brynmawr.edu/Media/Thumbnails/2011.26.1.a_BMC_f.jpg
https://triarte.brynmawr.edu/Objects-1/info/179309,2011.6.194,1859-1870,Édouard Manet,,Charles Leymarie,4 in.,2 3/8 in.,Carte-de-visite (albumen print),,Gift of Seymour Adelman,,https://triarte.brynmawr.edu/Media/images/2011.6.194_BMC_f_2.jpg,https://triarte.brynmawr.edu/Media/Thumbnails/2011.6.194_BMC_f_2.jpg
https://triarte.brynmawr.edu/Objects-1/info/179490,2011.19.1,1929,Head of a Dancer (Niura Norskaya),,Lotte Jacobi,10 3/16 in.,13 in.,Gelatin silver print,,Gift of the artist in memory of Seymour Adelman,American,https://triarte.brynmawr.edu/Media/images/2011.19.1_BMC_f_2.jpg,https://triarte.brynmawr.edu/Media/Thumbnails/2011.19.1_BMC_f_2.jpg
https://triarte.brynmawr.edu/Objects-1/info/179407,2011.6.220,Mid 19th century,Unidentified Man with Top Hat,,Unknown Artist,2 7/8 in.,2 5/16 in.,Daguerreotype,"This daguerreotype is surmounted by a brass mat and a glass cover, set into a wooden case covered in tooled leather and lined with velvet.",Gift of Seymour Adelman,,https://triarte.brynmawr.edu/Media/images/2011.6.220_BMC_f_2.jpg,https://triarte.brynmawr.edu/Media/Thumbnails/2011.6.220_BMC_f_2.jpg
https://triarte.brynmawr.edu/Objects-1/info/179467,2011.6.231,Mid 19th century,"81 Bath Street, Glasgow",,Unknown Artist,2 1/8 in.,1 5/8 in.,Ambrotype,This ambrotype case photograph is surmounted by a brass mat and set into a wooden case covered in tooled leather. On the inside cover is tacked a sheet of paper with the note: &quot;Perhaps you would like a peep at 81 Bath Street. I wish you could see into the interior. Glasgow; Scotland.&quot;,Gift of Seymour Adelman,,https://triarte.brynmawr.edu/Media/images/2011.6.231_BMC_f_2.jpg,https://triarte.brynmawr.edu/Media/Thumbnails/2011.6.231_BMC_f_2.jpg
https://triarte.brynmawr.edu/Objects-1/info/179491,2011.20.1,after 1891,Madame Gautreau (Gustave Courtois),,"Braun, Clément &amp; Cie",18 1/4 in.,9 7/8 in.,Carbon print,"A study photograph of Gustave Courtois&#39; 1891 submission to the Paris Salon, an oil painting of Madame Gautreau (aka Madame X), attributed to Braun, Clément &amp; Cie.",,,https://triarte.brynmawr.edu/Media/images/2011.20.1_BMC_f_2.jpg,https://triarte.brynmawr.edu/Media/Thumbnails/2011.20.1_BMC_f_2.jpg
https://triarte.brynmawr.edu/Objects-1/info/179498,2011.18.7,1872-1885,"Man Walking and Taking Off a Hat, Plate 44, Animal Locomotion","Man Walking and Taking Off a Hat, Plate 44, from the portfolio Animal Locomotion: An Electro-Photographic Investigation of Consecutive Phases of Animal Movements (Philadelphia, 1887)",Eadweard Muybridge,8 1/4 in.,13 9/16 in.,Collotype,"Man Walking and Taking off a Hat, Plate 44 from the portfolio Animal Locomotion: An Electro-Photographic Investigation of Consecutive Phases of Animal Movements (Philadelphia, 1887)","Gift of Jane Oppenheimer, Class of 1932, Professor of Biology and History of Science",,https://triarte.brynmawr.edu/Media/images/2011.18.7_BMC_f_2.jpg,https://triarte.brynmawr.edu/Media/Thumbnails/2011.18.7_BMC_f_2.jpg
https://triarte.brynmawr.edu/Objects-1/info/180012,2011.4.31.a,Late 19th century,Gladys Stout Family Album,,Unknown Artist,8 3/4 in.,6 3/4 in.,,"Photo Album of Gladys Stout (Mrs. Robert B. Bowler), class of 1909, containing 5 cabinet card photographs, 26 albumen cartes-de-visite, and 22 tintype cartes-de-visite.",Gift of Mrs. Montgomery Meigs Smith,American,https://triarte.brynmawr.edu/Media/images/2011.4.31.a_BMC_f.jpg,https://triarte.brynmawr.edu/Media/Thumbnails/2011.4.31.a_BMC_f.jpg
https://triarte.brynmawr.edu/Objects-1/info/180013,2011.22.1,ca. 1860s,David Branson,,Unknown Artist,2 in.,1 9/16 in.,Ambrotype,"This ambrotype is surmounted by a brass mat and a glass cover, set into a wooden case covered in tooled leather and lined with purple velvet. ",Gift of Helen Branson Dechert,American,https://triarte.brynmawr.edu/Media/images/2011.22.1_BMC_f_2.jpg,https://triarte.brynmawr.edu/Media/Thumbnails/2011.22.1_BMC_f_2.jpg
https://triarte.brynmawr.edu/Objects-1/info/180014,2011.22.2,1861,"David Branson, Sergeant Company H, 28th Infantry of Illinois","David Branson, Sgt. Co. H., 28th Ills., Cairo, Ill., 1861",Unknown Artist,2 5/8 in.,2 5/8 in.,Tintype,"This tintype is surmounted by a brass mat and a glass cover, set into a wooden case covered in tooled leather and lined with red velvet.",Gift of Helen Branson Dechert,American,https://triarte.brynmawr.edu/Media/images/2011.22.2_BMC_f_2.jpg,https://triarte.brynmawr.edu/Media/Thumbnails/2011.22.2_BMC_f_2.jpg
https://triarte.brynmawr.edu/Objects-1/info/180015,2011.22.3,1857-1858,Unidentified Man with Gold Chain,,John R. (J.R.) Clemons,2 5/8 in.,2 1/8 in.,Ambrotype,This tintype is surmounted by a brass mat and a glass cover and set into a primitive plastic (or &quot;union&quot;) case that is lined with purple velvet.,Gift of Helen Branson Dechert,American,https://triarte.brynmawr.edu/Media/images/2011.22.3_BMC_f_2.jpg,https://triarte.brynmawr.edu/Media/Thumbnails/2011.22.3_BMC_f_2.jpg
https://triarte.brynmawr.edu/Objects-1/info/180021,2011.22.9,Mid 19th century,Sally L. Woolman,,Unknown Artist,2 1/8 in.,1 1/2 in.,Ambrotype,"This tintype is surmounted by a scallop-edged brass mat and a glass cover, set into a wooden case covered in tooled leather and lined with red velvet. The sitter is the wife of David Branson, of whom there are 3 other case photographs in the Branson Family Collection.",Gift of Helen Branson Dechert,American,https://triarte.brynmawr.edu/Media/images/2011.22.9_BMC_f_2.jpg,https://triarte.brynmawr.edu/Media/Thumbnails/2011.22.9_BMC_f_2.jpg
https://triarte.brynmawr.edu/Objects-1/info/180025,2011.4.32,ca. 1855,Three Generations of Women,,Unknown Artist,5 in.,6 in.,Daguerreotype,"This daguerreotype is surmounted by a brass mat and a glass cover, set into a wooden case covered in tooled leather and lined with red velvet.",Anonymous,American,https://triarte.brynmawr.edu/Media/images/2011.4.32_BMC_f.jpg,https://triarte.brynmawr.edu/Media/Thumbnails/2011.4.32_BMC_f.jpg
